kunden_id,vorname,nachname,email,stadt,land,registrierungsdatum
1,Evangelia,Bonbach,vstriebitz@example.org,Leipzig,Deutschland,2025-10-17
2,Kristine,Losekann,fliegnersarah@example.com,Leipzig,Deutschland,2024-10-13
3,Birgitt,Schuster,friedericke98@example.org,Köln,Deutschland,2024-07-16
4,Hedda,Schenk,truebandrej@example.net,Düsseldorf,Deutschland,2025-03-30
5,Flora,Bonbach,paulo24@example.net,Frankfurt,Deutschland,2024-01-16
6,Sibilla,Fiebig,ywerner@example.net,Stuttgart,Deutschland,2024-07-25
7,Anselm,Scheel,pbutte@example.com,Leipzig,Deutschland,2025-08-30
8,Renato,Trubin,hans-wolfgangoestrovsky@example.com,Düsseldorf,Deutschland,2025-10-31
9,Anneke,Kramer,buchholzmarcella@example.org,Düsseldorf,Deutschland,2023-08-08
10,Anthony,Stumpf,giuseppinajunken@example.com,Köln,Deutschland,2023-09-02
11,Lorenz,Rogge,wsiering@example.com,Düsseldorf,Deutschland,2024-02-09
12,Kristine,Linke,blochnikola@example.net,Düsseldorf,Deutschland,2025-09-23
13,Karl-Dieter,Zorbach,alenabeier@example.org,Bremen,Deutschland,2024-08-07
14,Ortrun,Hettner,hheinz@example.com,Hamburg,Deutschland,2023-11-16
15,Albertine,Hesse,hanna82@example.org,Köln,Deutschland,2025-11-01
16,Nelli,Klingelhöfer,stiebitzeduard@example.com,Düsseldorf,Deutschland,2024-03-17
17,Diethelm,Loos,bolzmannfranz-peter@example.com,Köln,Deutschland,2023-04-20
18,Ekaterina,Lachmann,scaspar@example.org,Düsseldorf,Deutschland,2023-09-19
19,Susanna,Römer,linkewaldemar@example.org,Bremen,Deutschland,2025-11-15
20,Gerolf,Sölzer,waehnerirmtraut@example.org,Bremen,Deutschland,2025-02-11
21,Katja,Heuser,cklotz@example.org,Dortmund,Deutschland,2025-03-16
22,Monika,Kraus,krausemagarete@example.com,Köln,Deutschland,2023-08-02
23,Gundolf,Schleich,astaalbers@example.org,Berlin,Deutschland,2024-10-23
24,Robert,Spieß,hrudolph@example.net,Stuttgart,Deutschland,2025-12-26
25,Sofia,Carsten,kkaul@example.net,Düsseldorf,Deutschland,2023-10-26
26,Fridolin,Röhricht,soelzergretl@example.com,Berlin,Deutschland,2023-11-01
27,Josef,Schmidt,emmerichdussen-van@example.net,Düsseldorf,Deutschland,2023-05-10
28,Ayten,Nohlmans,alfonspoelitz@example.com,Berlin,Deutschland,2023-10-10
29,Felicitas,Henschel,jaekelsusanne@example.net,München,Deutschland,2025-02-26
30,Malgorzata,Fritsch,reichmannsylvia@example.org,Stuttgart,Deutschland,2024-10-24
31,Erdmute,Rörricht,hildeeckbauer@example.org,Stuttgart,Deutschland,2023-09-19
32,Uschi,Schomber,ischuster@example.com,Dortmund,Deutschland,2025-05-27
33,Katherina,Girschner,othmarpohl@example.net,Hamburg,Deutschland,2025-06-03
34,Athanasios,Scholl,ginohentschel@example.com,Frankfurt,Deutschland,2025-12-15
35,Tatjana,Liebelt,silvanasuessebier@example.com,Bremen,Deutschland,2024-07-28
36,Ramon,Förster,cynthiaullmann@example.net,Stuttgart,Deutschland,2023-10-27
37,Ingbert,Kranz,aloisstiffel@example.com,Leipzig,Deutschland,2023-06-19
38,Mechthilde,Scheibe,ingetraudhendriks@example.com,Dortmund,Deutschland,2023-08-06
39,Ilija,Wähner,whethur@example.org,Frankfurt,Deutschland,2023-06-02
40,Evangelia,Zobel,buchholzwanda@example.net,Stuttgart,Deutschland,2023-06-20
41,Amalia,Ehlert,wpreiss@example.net,Dortmund,Deutschland,2024-01-14
42,Halil,Beier,eberhardtalbina@example.org,Frankfurt,Deutschland,2023-12-03
43,Sven,Bruder,hanspeterwarmer@example.org,Dortmund,Deutschland,2024-11-27
44,Elisabeth,Röhrdanz,junkenrolf@example.com,Leipzig,Deutschland,2025-08-14
45,Frederike,Jessel,pascalschmiedecke@example.net,Bremen,Deutschland,2023-03-21
46,Mariola,Sontag,minnadowerg@example.com,Hamburg,Deutschland,2025-09-12
47,Istvan,Schenk,junkenswantje@example.net,Frankfurt,Deutschland,2023-03-15
48,Robin,Hamann,nancyotto@example.net,Düsseldorf,Deutschland,2025-03-21
49,Tassilo,Werner,werneckehans-guenther@example.net,Hamburg,Deutschland,2025-06-28
50,Mary,Klemt,dragan09@example.org,Berlin,Deutschland,2024-12-14
51,Zeljko,Wirth,isidoradler@example.com,Bremen,Deutschland,2023-03-29
52,Baptist,Loos,klaus-d45@example.org,Köln,Deutschland,2023-04-28
53,Tabea,Mühle,nschaaf@example.net,Köln,Deutschland,2023-12-06
54,Hedwig,Weiß,herwig23@example.org,Stuttgart,Deutschland,2023-05-08
55,Korbinian,Thanel,dianarosemann@example.org,Düsseldorf,Deutschland,2025-12-02
56,Hildegard,Juncken,ivonnegeisel@example.com,Düsseldorf,Deutschland,2024-03-31
57,Muharrem,Geißler,agathe81@example.org,Berlin,Deutschland,2025-12-18
58,Jonas,Thanel,hanspeter80@example.com,Frankfurt,Deutschland,2023-12-01
59,Rolf,Killer,rafael67@example.net,Frankfurt,Deutschland,2024-12-02
60,Wilfriede,Eberhardt,vstroh@example.org,Frankfurt,Deutschland,2024-10-16
61,Henrike,Kambs,lbolnbach@example.net,Köln,Deutschland,2026-02-07
62,Evangelos,Hesse,ljudmila61@example.org,Bremen,Deutschland,2025-03-19
63,Inge,Losekann,neureutherpius@example.org,Stuttgart,Deutschland,2025-11-27
64,Eckehard,Christoph,hellmutschuchhardt@example.com,München,Deutschland,2023-10-21
65,Martin,Börner,normaloeffler@example.org,München,Deutschland,2023-03-29
66,Herma,Holzapfel,gseip@example.com,Hamburg,Deutschland,2025-04-03
67,Konrad,Bolzmann,tpaffrath@example.com,Leipzig,Deutschland,2023-11-21
68,Conrad,Wohlgemut,bauergertrud@example.org,Frankfurt,Deutschland,2025-02-18
69,Valeria,Lorch,pierre28@example.net,Dortmund,Deutschland,2024-10-09
70,Stefano,Säuberlich,eveline56@example.net,Frankfurt,Deutschland,2025-09-17
71,Alex,Liebelt,kbolnbach@example.net,Leipzig,Deutschland,2024-08-24
72,Annemie,Schaaf,edwinloeffler@example.org,München,Deutschland,2024-01-14
73,Mato,Kraushaar,alicia52@example.org,Düsseldorf,Deutschland,2025-03-03
74,Siegmar,Herrmann,vtrubin@example.org,Köln,Deutschland,2026-02-09
75,Pius,Höfig,theres07@example.com,Bremen,Deutschland,2023-08-17
76,Eckart,Hethur,petros84@example.org,Dortmund,Deutschland,2025-10-28
77,Kunigunda,Otto,brankathanel@example.org,Köln,Deutschland,2025-03-18
78,Leif,Förster,rohlederhans-adolf@example.net,München,Deutschland,2025-03-05
79,Dierk,Loos,gertrud47@example.org,München,Deutschland,2023-06-27
80,Priska,Sontag,roemeranneli@example.net,Frankfurt,Deutschland,2023-03-06
81,Viktoria,Oestrovsky,gnatzrobin@example.com,Hamburg,Deutschland,2025-08-23
82,Hans-Rudolf,Kranz,gerhardkabus@example.net,Stuttgart,Deutschland,2025-02-05
83,Piotr,Neuschäfer,vinzenz68@example.net,München,Deutschland,2023-10-28
84,Jacqueline,Jockel,ottoannita@example.net,Köln,Deutschland,2025-04-18
85,Elsbeth,Mosemann,vanessa32@example.org,Köln,Deutschland,2024-06-22
86,Heide,Rörricht,kuschmilena@example.net,Dortmund,Deutschland,2025-03-07
87,Evi,Hahn,hahndagmar@example.com,Berlin,Deutschland,2025-02-02
88,Juri,Mies,hans-christian79@example.org,Leipzig,Deutschland,2025-08-29
89,Antonios,Rörricht,riehlmeike@example.net,Dortmund,Deutschland,2023-04-09
90,Stjepan,Rose,uteackermann@example.org,Frankfurt,Deutschland,2025-02-28
91,Stjepan,Heser,georgiosmisicher@example.net,Köln,Deutschland,2024-03-31
92,Rahel,Wohlgemut,ulosekann@example.com,Berlin,Deutschland,2025-07-22
93,Mirko,Kuhl,tkobelt@example.com,Leipzig,Deutschland,2025-02-07
94,Ralph,Häring,bheydrich@example.org,Bremen,Deutschland,2025-11-08
95,Konstanze,Hauffer,ehornich@example.com,Stuttgart,Deutschland,2024-11-12
96,Erik,Preiß,farukstumpf@example.net,Frankfurt,Deutschland,2025-11-05
97,Ortrud,Hellwig,josephine44@example.com,Leipzig,Deutschland,2024-02-14
98,Alfred,Wagner,salvatoreheinrich@example.com,Frankfurt,Deutschland,2023-12-08
99,Catherine,Juncken,wagenknechtedit@example.org,Berlin,Deutschland,2024-05-08
100,Johann,Trommler,pohlguenter@example.net,Köln,Deutschland,2024-08-10
101,Brigitte,Lorch,gbinner@example.com,Düsseldorf,Deutschland,2024-06-28
102,Wladimir,Eigenwillig,barthalbina@example.com,Berlin,Deutschland,2023-09-24
103,Leander,Bolzmann,radischfrederike@example.net,Stuttgart,Deutschland,2023-08-11
104,Gordana,Budig,simon95@example.org,München,Deutschland,2023-12-30
105,Adem,Langern,christel34@example.net,Leipzig,Deutschland,2026-01-31
106,Fridolin,Niemeier,maria-luisegumprich@example.org,München,Deutschland,2025-08-14
107,Gotthilf,Stolze,bthanel@example.net,Frankfurt,Deutschland,2025-10-15
108,Hildburg,Roskoth,qmans@example.com,München,Deutschland,2024-05-12
109,Zeynep,Etzler,bohnbachbernt@example.net,Dortmund,Deutschland,2023-09-24
110,Martine,Säuberlich,hschmidtke@example.net,Stuttgart,Deutschland,2025-07-23
111,Sergej,Schweitzer,keudelroswitha@example.com,Frankfurt,Deutschland,2026-01-23
112,Irmhild,Junitz,lorchsuekrue@example.net,Leipzig,Deutschland,2024-03-20
113,Krista,Steckel,zgotthard@example.com,Berlin,Deutschland,2025-09-05
114,Marie-Luise,Koch II,tdowerg@example.org,Bremen,Deutschland,2024-02-26
115,Heinz-Josef,Wähner,rotraut95@example.com,Dortmund,Deutschland,2023-04-18
116,Bernadette,Flantz,idippel@example.org,Berlin,Deutschland,2025-12-25
117,Hagen,Junitz,gutebernard@example.com,München,Deutschland,2023-10-01
118,Ariane,Dobes,berndschacht@example.com,Frankfurt,Deutschland,2024-01-01
119,Franca,Röhrdanz,magarete87@example.com,Bremen,Deutschland,2025-03-13
120,Meinhard,Atzler,mentzeljolanta@example.org,Köln,Deutschland,2024-11-03
121,Sinaida,Seidel,wullmann@example.com,Stuttgart,Deutschland,2023-07-17
122,Maurice,Drub,dditschlerin@example.com,Stuttgart,Deutschland,2025-02-10
123,Milica,Bauer,trommlerhilde@example.com,München,Deutschland,2025-10-20
124,Insa,Rudolph,antjespiess@example.com,Hamburg,Deutschland,2023-05-27
125,Stefano,Bohnbach,ramonzaenker@example.net,Hamburg,Deutschland,2023-07-23
126,Roselinde,Mentzel,wendesilvio@example.org,Hamburg,Deutschland,2023-11-30
127,Gabriel,Schuchhardt,elsbethgerlach@example.org,Bremen,Deutschland,2024-03-13
128,Ortrun,Pechel,efoerster@example.com,Hamburg,Deutschland,2024-01-09
129,Ilse,Hande,schuchhardtberit@example.net,Stuttgart,Deutschland,2023-12-24
130,Greta,Hartmann,jovankuhl@example.net,Frankfurt,Deutschland,2023-03-26
131,Sylvester,Schomber,handeortrud@example.net,Düsseldorf,Deutschland,2025-09-14
132,Carin,Löffler,liane06@example.com,Hamburg,Deutschland,2024-06-06
133,Gaetano,Schottin,filippolindau@example.org,Frankfurt,Deutschland,2024-06-29
134,Claas,Wagner,martha05@example.com,Dortmund,Deutschland,2024-05-23
135,Gilda,Mude,steuersimon@example.net,Frankfurt,Deutschland,2024-09-09
136,Hans D.,Karz,lsauer@example.com,München,Deutschland,2023-04-22
137,Patrizia,Putz,stanislausfischer@example.org,Hamburg,Deutschland,2023-06-19
138,Miguel,Kostolzin,alfredo02@example.net,Düsseldorf,Deutschland,2024-04-26
139,Chantal,Bolzmann,eschmiedt@example.org,Frankfurt,Deutschland,2025-12-10
140,Marta,Eckbauer,gorlitzwalli@example.net,Stuttgart,Deutschland,2025-01-07
141,Manja,Rogge,bela62@example.com,Leipzig,Deutschland,2023-08-25
142,Aziz,Winkler,klaudia75@example.net,Köln,Deutschland,2024-10-10
143,Korinna,Fischer,lachmannbirgitt@example.org,Bremen,Deutschland,2025-01-31
144,Catherine,Trupp,ibrahim54@example.net,Köln,Deutschland,2023-12-05
145,Ilse,Stadelmann,kathi48@example.com,Leipzig,Deutschland,2024-05-23
146,Mike,Faust,schoenlandilias@example.com,Leipzig,Deutschland,2024-06-13
147,Albin,Lübs,jolanda65@example.net,Köln,Deutschland,2024-05-06
148,Hans-Dieter,Etzold,sylvienoack@example.net,Köln,Deutschland,2024-05-07
149,Hakan,Heidrich,necati12@example.org,Leipzig,Deutschland,2025-06-20
150,Kamil,Winkler,stolzewally@example.com,Berlin,Deutschland,2024-08-13
151,Elvira,Karge,lilian47@example.org,Dortmund,Deutschland,2025-10-13
152,Hans-Karl,Atzler,adelindekroker@example.com,München,Deutschland,2023-08-02
153,Conrad,Keudel,slachmann@example.com,Leipzig,Deutschland,2023-07-01
154,Denis,Johann,gertraudelorch@example.com,Bremen,Deutschland,2024-01-07
155,Gilda,Mühle,gunpfgabi@example.com,München,Deutschland,2023-06-03
156,Karl-Heinz,Kraushaar,koehlertheresa@example.com,Leipzig,Deutschland,2025-12-26
157,Adina,Fritsch,brian42@example.com,Stuttgart,Deutschland,2025-09-02
158,Anna-Luise,Bien,jgude@example.org,Berlin,Deutschland,2023-07-08
159,Peter-Michael,Reichmann,rhofmann@example.org,Berlin,Deutschland,2023-09-17
160,Ernest,Wulf,kuehnertsibylla@example.org,München,Deutschland,2025-07-09
161,Elena,Mosemann,franjoklemt@example.net,Leipzig,Deutschland,2025-05-18
162,Heinz-Walter,Stroh,rschmiedecke@example.net,Frankfurt,Deutschland,2024-10-30
163,Gertrud,Kuhl,burkardrenner@example.net,Hamburg,Deutschland,2024-05-15
164,Mona,Schenk,renata58@example.com,Hamburg,Deutschland,2025-03-10
165,Thea,Heß,rupperterwin@example.org,Bremen,Deutschland,2025-04-07
166,Martin,Gumprich,qzaenker@example.com,Dortmund,Deutschland,2024-07-16
167,Lilly,Hänel,fatihmude@example.org,Köln,Deutschland,2024-02-22
168,Friedhold,Wilmsen,ivanfischer@example.com,Berlin,Deutschland,2025-02-14
169,Anne-Katrin,Plath,friedemann65@example.net,Düsseldorf,Deutschland,2024-10-26
170,Martina,Hörle,klemens52@example.net,Leipzig,Deutschland,2025-06-25
171,Nancy,Bruder,rognerbruni@example.net,Bremen,Deutschland,2023-04-04
172,Lilija,Börner,lissy69@example.com,Köln,Deutschland,2025-08-23
173,Pascale,Höfig,ihethur@example.org,Bremen,Deutschland,2024-08-10
174,Yasmin,Kobelt,vinko02@example.org,Köln,Deutschland,2025-04-28
175,Jens-Peter,Beer,jaentschoskar@example.org,Leipzig,Deutschland,2023-06-05
176,Jonathan,Hering,dannypatberg@example.org,Leipzig,Deutschland,2024-11-15
177,Gebhard,Kuhl,fwagenknecht@example.com,Hamburg,Deutschland,2024-05-08
178,Dierk,Radisch,tbarth@example.com,Berlin,Deutschland,2023-08-30
179,Brigitta,Henk,mariannamoechlichen@example.com,Frankfurt,Deutschland,2024-01-10
180,Sylvia,Caspar,mgorlitz@example.org,München,Deutschland,2025-03-02
181,Hans-Erich,Wagner,trudel31@example.org,Düsseldorf,Deutschland,2023-08-18
182,Eva-Maria,Köster,folkertmartin@example.net,Bremen,Deutschland,2025-06-17
183,Wiltrud,Karge,cemil58@example.com,Leipzig,Deutschland,2024-11-03
184,Lothar,Bender,vollbrechtruth@example.org,Dortmund,Deutschland,2025-02-25
185,Richard,Hornich,lbloch@example.com,Bremen,Deutschland,2024-10-01
186,Wibke,Süßebier,idobes@example.org,München,Deutschland,2025-01-15
187,Franco,Hermighausen,gerwinwernecke@example.net,Hamburg,Deutschland,2024-02-05
188,Gunter,Thies,athanasiosreichmann@example.com,Dortmund,Deutschland,2024-01-09
189,Carla,Trub,margrafsusanne@example.com,Frankfurt,Deutschland,2026-01-17
190,Lidia,Wohlgemut,thering@example.com,Bremen,Deutschland,2023-11-06
191,Frederic,Putz,eileenkroker@example.com,Berlin,Deutschland,2024-05-25
192,Lena,Röhrdanz,meinolf43@example.com,München,Deutschland,2023-07-14
193,Doris,Nohlmans,wschmiedt@example.com,München,Deutschland,2024-10-04
194,Ron,Misicher,bsiering@example.net,Dortmund,Deutschland,2024-05-14
195,Silva,Aumann,jbauer@example.net,Bremen,Deutschland,2024-01-22
196,Robby,Pechel,roland13@example.org,Dortmund,Deutschland,2025-12-11
197,Darius,Krein,ghethur@example.com,Frankfurt,Deutschland,2024-10-23
198,Leopold,Warmer,kohlverena@example.com,Düsseldorf,Deutschland,2023-05-25
199,Wigbert,Klemt,eberhard73@example.com,Leipzig,Deutschland,2024-08-14
200,Gotthilf,Beyer,cstolze@example.org,Stuttgart,Deutschland,2025-10-01
